common_name,landlocked,area,flag,population,startOfWeek
Mauritania,False,1030700.0,ğŸ‡²ğŸ‡·,4649660,monday
Eritrea,False,117600.0,ğŸ‡ªğŸ‡·,5352000,monday
Puerto Rico,False,8870.0,ğŸ‡µğŸ‡·,3194034,monday
Romania,False,238391.0,ğŸ‡·ğŸ‡´,19286123,monday
Antigua and Barbuda,False,442.0,ğŸ‡¦ğŸ‡¬,97928,monday
Cocos (Keeling) Islands,False,14.0,ğŸ‡¨ğŸ‡¨,544,monday
Colombia,False,1141748.0,ğŸ‡¨ğŸ‡´,50882884,monday
Chile,False,756102.0,ğŸ‡¨ğŸ‡±,19116209,monday
Ghana,False,238533.0,ğŸ‡¬ğŸ‡­,31072945,monday
Gibraltar,False,6.0,ğŸ‡¬ğŸ‡®,33691,monday
Venezuela,False,916445.0,ğŸ‡»ğŸ‡ª,28435943,monday
Kosovo,True,10908.0,ğŸ‡½ğŸ‡°,1775378,monday
Botswana,True,582000.0,ğŸ‡§ğŸ‡¼,2351625,monday
Tanzania,False,945087.0,ğŸ‡¹ğŸ‡¿,59734213,monday
Montenegro,False,13812.0,ğŸ‡²ğŸ‡ª,621718,monday
Comoros,False,1862.0,ğŸ‡°ğŸ‡²,869595,monday
Ivory Coast,False,322463.0,ğŸ‡¨ğŸ‡®,26378275,monday
Cape Verde,False,4033.0,ğŸ‡¨ğŸ‡»,555988,monday
Lesotho,True,30355.0,ğŸ‡±ğŸ‡¸,2142252,monday
Gabon,False,267668.0,ğŸ‡¬ğŸ‡¦,2225728,monday
Grenada,False,344.0,ğŸ‡¬ğŸ‡©,112519,monday
Jordan,False,89342.0,ğŸ‡¯ğŸ‡´,10203140,sunday
Sweden,False,450295.0,ğŸ‡¸ğŸ‡ª,10353442,monday
Vietnam,False,331212.0,ğŸ‡»ğŸ‡³,97338583,monday
Qatar,False,11586.0,ğŸ‡¶ğŸ‡¦,2881060,sunday
Brazil,False,8515767.0,ğŸ‡§ğŸ‡·,212559409,monday
Finland,False,338424.0,ğŸ‡«ğŸ‡®,5530719,monday
Georgia,False,69700.0,ğŸ‡¬ğŸ‡ª,3714000,monday
Senegal,False,196722.0,ğŸ‡¸ğŸ‡³,16743930,monday
South Korea,False,100210.0,ğŸ‡°ğŸ‡·,51780579,monday
Anguilla,False,91.0,ğŸ‡¦ğŸ‡®,13452,monday
SÃ£o TomÃ© and PrÃ­ncipe,False,964.0,ğŸ‡¸ğŸ‡¹,219161,monday
Antarctica,False,14000000.0,ğŸ‡¦ğŸ‡¶,1000,monday
Guyana,False,214969.0,ğŸ‡¬ğŸ‡¾,786559,monday
Nauru,False,21.0,ğŸ‡³ğŸ‡·,10834,monday
Suriname,False,163820.0,ğŸ‡¸ğŸ‡·,586634,monday
Cambodia,False,181035.0,ğŸ‡°ğŸ‡­,16718971,monday
CuraÃ§ao,False,444.0,ğŸ‡¨ğŸ‡¼,155014,monday
Maldives,False,300.0,ğŸ‡²ğŸ‡»,540542,sunday
Paraguay,True,406752.0,ğŸ‡µğŸ‡¾,7132530,monday
Peru,False,1285216.0,ğŸ‡µğŸ‡ª,32971846,monday
France,False,551695.0,ğŸ‡«ğŸ‡·,67391582,monday
Falkland Islands,False,12173.0,ğŸ‡«ğŸ‡°,2563,monday
Uzbekistan,True,447400.0,ğŸ‡ºğŸ‡¿,34232050,monday
Egypt,False,1002450.0,ğŸ‡ªğŸ‡¬,102334403,sunday
United States Minor Outlying Islands,False,34.2,ğŸ‡ºğŸ‡²,300,monday
Dominica,False,751.0,ğŸ‡©ğŸ‡²,71991,monday
Israel,False,20770.0,ğŸ‡®ğŸ‡±,9216900,sunday
Monaco,False,2.02,ğŸ‡²ğŸ‡¨,39244,monday
Republic of the Congo,False,342000.0,ğŸ‡¨ğŸ‡¬,5657000,monday
Ireland,False,70273.0,ğŸ‡®ğŸ‡ª,4994724,monday
French Southern and Antarctic Lands,False,7747.0,ğŸ‡¹ğŸ‡«,400,monday
Kazakhstan,True,2724900.0,ğŸ‡°ğŸ‡¿,18754440,monday
Malaysia,False,330803.0,ğŸ‡²ğŸ‡¾,32365998,sunday
United Arab Emirates,False,83600.0,ğŸ‡¦ğŸ‡ª,9890400,sunday
Czechia,True,78865.0,ğŸ‡¨ğŸ‡¿,10698896,monday
Yemen,False,527968.0,ğŸ‡¾ğŸ‡ª,29825968,sunday
Myanmar,False,676578.0,ğŸ‡²ğŸ‡²,54409794,monday
Saint Kitts and Nevis,False,261.0,ğŸ‡°ğŸ‡³,53192,monday
United States Virgin Islands,False,347.0,ğŸ‡»ğŸ‡®,106290,monday
French Polynesia,False,4167.0,ğŸ‡µğŸ‡«,280904,monday
Fiji,False,18272.0,ğŸ‡«ğŸ‡¯,896444,monday
Albania,False,28748.0,ğŸ‡¦ğŸ‡±,2837743,monday
Isle of Man,False,572.0,ğŸ‡®ğŸ‡²,85032,monday
Australia,False,7692024.0,ğŸ‡¦ğŸ‡º,25687041,monday
Caribbean Netherlands,False,328.0,ğŸ‡§ğŸ‡¶,25987,monday
Italy,False,301336.0,ğŸ‡®ğŸ‡¹,59554023,monday
Afghanistan,True,652230.0,ğŸ‡¦ğŸ‡«,40218234,monday
Kyrgyzstan,True,199951.0,ğŸ‡°ğŸ‡¬,6591600,monday
Wallis and Futuna,False,142.0,ğŸ‡¼ğŸ‡«,11750,monday
United States,False,9372610.0,ğŸ‡ºğŸ‡¸,329484123,sunday
Martinique,False,1128.0,ğŸ‡²ğŸ‡¶,378243,monday
Philippines,False,342353.0,ğŸ‡µğŸ‡­,109581085,monday
Serbia,True,88361.0,ğŸ‡·ğŸ‡¸,6908224,monday
"Saint Helena, Ascension and Tristan da Cunha",False,394.0,ğŸ‡¸ğŸ‡­,53192,monday
British Indian Ocean Territory,False,60.0,ğŸ‡®ğŸ‡´,3000,monday
Moldova,True,33846.0,ğŸ‡²ğŸ‡©,2617820,monday
Hong Kong,False,1104.0,ğŸ‡­ğŸ‡°,7500700,monday
Pakistan,False,881912.0,ğŸ‡µğŸ‡°,220892331,monday
Saudi Arabia,False,2149690.0,ğŸ‡¸ğŸ‡¦,34813867,sunday
Angola,False,1246700.0,ğŸ‡¦ğŸ‡´,32866268,monday
New Caledonia,False,18575.0,ğŸ‡³ğŸ‡¨,271960,monday
Lithuania,False,65300.0,ğŸ‡±ğŸ‡¹,2794700,monday
Netherlands,False,41850.0,ğŸ‡³ğŸ‡±,16655799,monday
Greenland,False,2166086.0,ğŸ‡¬ğŸ‡±,56367,monday
Vatican City,True,0.44,ğŸ‡»ğŸ‡¦,451,monday
Micronesia,False,702.0,ğŸ‡«ğŸ‡²,115021,monday
Heard Island and McDonald Islands,False,412.0,ğŸ‡­ğŸ‡²,0,monday
Kuwait,False,17818.0,ğŸ‡°ğŸ‡¼,4270563,sunday
Switzerland,True,41284.0,ğŸ‡¨ğŸ‡­,8654622,monday
Saint Lucia,False,616.0,ğŸ‡±ğŸ‡¨,183629,monday
Turks and Caicos Islands,False,948.0,ğŸ‡¹ğŸ‡¨,38718,monday
Malta,False,316.0,ğŸ‡²ğŸ‡¹,525285,monday
Tonga,False,747.0,ğŸ‡¹ğŸ‡´,105697,monday
Guatemala,False,108889.0,ğŸ‡¬ğŸ‡¹,16858333,monday
Uganda,True,241550.0,ğŸ‡ºğŸ‡¬,45741000,monday
Guinea,False,245857.0,ğŸ‡¬ğŸ‡³,13132792,monday
American Samoa,False,199.0,ğŸ‡¦ğŸ‡¸,55197,monday
Sint Maarten,False,34.0,ğŸ‡¸ğŸ‡½,40812,monday
Nepal,True,147181.0,ğŸ‡³ğŸ‡µ,29136808,sunday
Slovenia,False,20273.0,ğŸ‡¸ğŸ‡®,2100126,monday
British Virgin Islands,False,151.0,ğŸ‡»ğŸ‡¬,30237,monday
Ethiopia,True,1104300.0,ğŸ‡ªğŸ‡¹,114963583,monday
Kiribati,False,811.0,ğŸ‡°ğŸ‡®,119446,monday
Guam,False,549.0,ğŸ‡¬ğŸ‡º,168783,monday
Togo,False,56785.0,ğŸ‡¹ğŸ‡¬,8278737,monday
Papua New Guinea,False,462840.0,ğŸ‡µğŸ‡¬,8947027,monday
Iceland,False,103000.0,ğŸ‡®ğŸ‡¸,366425,monday
Northern Mariana Islands,False,464.0,ğŸ‡²ğŸ‡µ,57557,monday
Austria,True,83871.0,ğŸ‡¦ğŸ‡¹,8917205,monday
Morocco,False,446550.0,ğŸ‡²ğŸ‡¦,36910558,monday
South Georgia,False,3903.0,ğŸ‡¬ğŸ‡¸,30,monday
Iraq,False,438317.0,ğŸ‡®ğŸ‡¶,40222503,sunday
Liechtenstein,True,160.0,ğŸ‡±ğŸ‡®,38137,monday
Dominican Republic,False,48671.0,ğŸ‡©ğŸ‡´,10847904,monday
Ecuador,False,276841.0,ğŸ‡ªğŸ‡¨,17643060,monday
Sierra Leone,False,71740.0,ğŸ‡¸ğŸ‡±,7976985,monday
Belize,False,22966.0,ğŸ‡§ğŸ‡¿,397621,monday
Bhutan,True,38394.0,ğŸ‡§ğŸ‡¹,771612,monday
Iran,False,1648195.0,ğŸ‡®ğŸ‡·,83992953,saturday
Bolivia,True,1098581.0,ğŸ‡§ğŸ‡´,11673029,monday
Turkey,False,783562.0,ğŸ‡¹ğŸ‡·,84339067,monday
Faroe Islands,False,1393.0,ğŸ‡«ğŸ‡´,48865,monday
Saint BarthÃ©lemy,False,21.0,ğŸ‡§ğŸ‡±,4255,monday
Greece,False,131990.0,ğŸ‡¬ğŸ‡·,10715549,monday
India,False,3287590.0,ğŸ‡®ğŸ‡³,1380004385,monday
Nicaragua,False,130373.0,ğŸ‡³ğŸ‡®,6624554,monday
Central African Republic,True,622984.0,ğŸ‡¨ğŸ‡«,4829764,monday
DR Congo,False,2344858.0,ğŸ‡¨ğŸ‡©,108407721,monday
Mali,True,1240192.0,ğŸ‡²ğŸ‡±,20250834,monday
Azerbaijan,True,86600.0,ğŸ‡¦ğŸ‡¿,10110116,monday
Singapore,False,710.0,ğŸ‡¸ğŸ‡¬,5685807,monday
Cuba,False,109884.0,ğŸ‡¨ğŸ‡º,11326616,monday
Bangladesh,False,147570.0,ğŸ‡§ğŸ‡©,164689383,sunday
Marshall Islands,False,181.0,ğŸ‡²ğŸ‡­,59194,monday
Bouvet Island,False,49.0,ğŸ‡§ğŸ‡»,0,monday
Latvia,False,64559.0,ğŸ‡±ğŸ‡»,1901548,monday
Hungary,True,93028.0,ğŸ‡­ğŸ‡º,9749763,monday
Ã…land Islands,False,1580.0,ğŸ‡¦ğŸ‡½,29458,monday
Bulgaria,False,110879.0,ğŸ‡§ğŸ‡¬,6927288,monday
Seychelles,False,452.0,ğŸ‡¸ğŸ‡¨,98462,monday
Cameroon,False,475442.0,ğŸ‡¨ğŸ‡²,26545864,monday
Macau,False,30.0,ğŸ‡²ğŸ‡´,649342,monday
Mexico,False,1964375.0,ğŸ‡²ğŸ‡½,128932753,monday
Brunei,False,5765.0,ğŸ‡§ğŸ‡³,437483,monday
Taiwan,False,36193.0,ğŸ‡¹ğŸ‡¼,23503349,monday
Aruba,False,180.0,ğŸ‡¦ğŸ‡¼,106766,monday
Trinidad and Tobago,False,5130.0,ğŸ‡¹ğŸ‡¹,1399491,monday
Vanuatu,False,12189.0,ğŸ‡»ğŸ‡º,307150,monday
Algeria,False,2381741.0,ğŸ‡©ğŸ‡¿,44700000,sunday
Cook Islands,False,236.0,ğŸ‡¨ğŸ‡°,18100,monday
Burundi,True,27834.0,ğŸ‡§ğŸ‡®,11890781,monday
Belarus,True,207600.0,ğŸ‡§ğŸ‡¾,9398861,monday
North Korea,False,120538.0,ğŸ‡°ğŸ‡µ,25778815,monday
Saint Martin,False,53.0,ğŸ‡²ğŸ‡«,38659,monday
Samoa,False,2842.0,ğŸ‡¼ğŸ‡¸,198410,monday
Zimbabwe,True,390757.0,ğŸ‡¿ğŸ‡¼,14862927,monday
Bermuda,False,54.0,ğŸ‡§ğŸ‡²,63903,monday
Djibouti,False,23200.0,ğŸ‡©ğŸ‡¯,988002,monday
United Kingdom,False,242900.0,ğŸ‡¬ğŸ‡§,67215293,monday
Niue,False,260.0,ğŸ‡³ğŸ‡º,1470,monday
Guinea-Bissau,False,36125.0,ğŸ‡¬ğŸ‡¼,1967998,monday
Japan,False,377930.0,ğŸ‡¯ğŸ‡µ,125836021,monday
Tuvalu,False,26.0,ğŸ‡¹ğŸ‡»,11792,monday
RÃ©union,False,2511.0,ğŸ‡·ğŸ‡ª,840974,monday
Sudan,False,1886068.0,ğŸ‡¸ğŸ‡©,43849269,monday
North Macedonia,True,25713.0,ğŸ‡²ğŸ‡°,2077132,monday
Canada,False,9984670.0,ğŸ‡¨ğŸ‡¦,38005238,sunday
Indonesia,False,1904569.0,ğŸ‡®ğŸ‡©,273523621,monday
Gambia,False,10689.0,ğŸ‡¬ğŸ‡²,2416664,monday
Somalia,False,637657.0,ğŸ‡¸ğŸ‡´,15893219,monday
Mauritius,False,2040.0,ğŸ‡²ğŸ‡º,1265740,monday
Montserrat,False,102.0,ğŸ‡²ğŸ‡¸,4922,monday
Russia,False,17098242.0,ğŸ‡·ğŸ‡º,144104080,monday
Portugal,False,92090.0,ğŸ‡µğŸ‡¹,10305564,monday
Oman,False,309500.0,ğŸ‡´ğŸ‡²,5106622,sunday
Christmas Island,False,135.0,ğŸ‡¨ğŸ‡½,2072,monday
Croatia,False,56594.0,ğŸ‡­ğŸ‡·,4047200,monday
Mongolia,True,1564110.0,ğŸ‡²ğŸ‡³,3278292,monday
Tajikistan,True,143100.0,ğŸ‡¹ğŸ‡¯,9537642,monday
Solomon Islands,False,28896.0,ğŸ‡¸ğŸ‡§,686878,monday
Haiti,False,27750.0,ğŸ‡­ğŸ‡¹,11402533,monday
Honduras,False,112492.0,ğŸ‡­ğŸ‡³,9904608,monday
Namibia,False,825615.0,ğŸ‡³ğŸ‡¦,2540916,monday
Argentina,False,2780400.0,ğŸ‡¦ğŸ‡·,45376763,monday
Niger,True,1267000.0,ğŸ‡³ğŸ‡ª,24206636,monday
Timor-Leste,False,14874.0,ğŸ‡¹ğŸ‡±,1318442,monday
Western Sahara,False,266000.0,ğŸ‡ªğŸ‡­,510713,monday
Uruguay,False,181034.0,ğŸ‡ºğŸ‡¾,3473727,monday
Barbados,False,430.0,ğŸ‡§ğŸ‡§,287371,monday
Guernsey,False,78.0,ğŸ‡¬ğŸ‡¬,62999,monday
Estonia,False,45227.0,ğŸ‡ªğŸ‡ª,1331057,monday
Kenya,False,580367.0,ğŸ‡°ğŸ‡ª,53771300,monday
Jamaica,False,10991.0,ğŸ‡¯ğŸ‡²,2961161,monday
Luxembourg,True,2586.0,ğŸ‡±ğŸ‡º,632275,monday
Guadeloupe,False,1628.0,ğŸ‡¬ğŸ‡µ,400132,monday
Tunisia,False,163610.0,ğŸ‡¹ğŸ‡³,11818618,monday
Cayman Islands,False,264.0,ğŸ‡°ğŸ‡¾,65720,monday
Mozambique,False,801590.0,ğŸ‡²ğŸ‡¿,31255435,monday
Tokelau,False,12.0,ğŸ‡¹ğŸ‡°,1411,monday
Germany,False,357114.0,ğŸ‡©ğŸ‡ª,83240525,monday
Liberia,False,111369.0,ğŸ‡±ğŸ‡·,5057677,monday
Pitcairn Islands,False,47.0,ğŸ‡µğŸ‡³,56,monday
Saint Pierre and Miquelon,False,242.0,ğŸ‡µğŸ‡²,6069,monday
South Sudan,True,619745.0,ğŸ‡¸ğŸ‡¸,11193729,sunday
Slovakia,True,49037.0,ğŸ‡¸ğŸ‡°,5458827,monday
Palau,False,459.0,ğŸ‡µğŸ‡¼,18092,monday
Cyprus,False,9251.0,ğŸ‡¨ğŸ‡¾,1207361,monday
Libya,False,1759540.0,ğŸ‡±ğŸ‡¾,6871287,sunday
Mayotte,False,374.0,ğŸ‡¾ğŸ‡¹,226915,monday
Turkmenistan,True,488100.0,ğŸ‡¹ğŸ‡²,6031187,monday
Equatorial Guinea,False,28051.0,ğŸ‡¬ğŸ‡¶,1402985,monday
Nigeria,False,923768.0,ğŸ‡³ğŸ‡¬,206139587,monday
Norway,False,323802.0,ğŸ‡³ğŸ‡´,5379475,monday
Bosnia and Herzegovina,False,51209.0,ğŸ‡§ğŸ‡¦,3280815,monday
South Africa,False,1221037.0,ğŸ‡¿ğŸ‡¦,59308690,monday
Denmark,False,43094.0,ğŸ‡©ğŸ‡°,5831404,monday
Laos,True,236800.0,ğŸ‡±ğŸ‡¦,7275556,monday
Madagascar,False,587041.0,ğŸ‡²ğŸ‡¬,27691019,monday
El Salvador,False,21041.0,ğŸ‡¸ğŸ‡»,6486201,monday
Andorra,True,468.0,ğŸ‡¦ğŸ‡©,77265,monday
Sri Lanka,False,65610.0,ğŸ‡±ğŸ‡°,21919000,monday
Rwanda,True,26338.0,ğŸ‡·ğŸ‡¼,12952209,monday
Armenia,True,29743.0,ğŸ‡¦ğŸ‡²,2963234,monday
Chad,True,1284000.0,ğŸ‡¹ğŸ‡©,16425859,monday
Benin,False,112622.0,ğŸ‡§ğŸ‡¯,12123198,monday
Syria,False,185180.0,ğŸ‡¸ğŸ‡¾,17500657,monday
Spain,False,505992.0,ğŸ‡ªğŸ‡¸,47351567,monday
Thailand,False,513120.0,ğŸ‡¹ğŸ‡­,69799978,monday
Svalbard and Jan Mayen,False,-1.0,ğŸ‡¸ğŸ‡¯,2562,monday
Ukraine,False,603500.0,ğŸ‡ºğŸ‡¦,44134693,monday
China,False,9706961.0,ğŸ‡¨ğŸ‡³,1402112000,monday
Malawi,True,118484.0,ğŸ‡²ğŸ‡¼,19129955,monday
Panama,False,75417.0,ğŸ‡µğŸ‡¦,4314768,monday
Bahrain,False,765.0,ğŸ‡§ğŸ‡­,1701583,monday
Saint Vincent and the Grenadines,False,389.0,ğŸ‡»ğŸ‡¨,110947,monday
Jersey,False,116.0,ğŸ‡¯ğŸ‡ª,100800,monday
Burkina Faso,True,272967.0,ğŸ‡§ğŸ‡«,20903278,monday
Poland,False,312679.0,ğŸ‡µğŸ‡±,37950802,monday
Belgium,False,30528.0,ğŸ‡§ğŸ‡ª,11555997,monday
Bahamas,False,13943.0,ğŸ‡§ğŸ‡¸,393248,monday
Costa Rica,False,51100.0,ğŸ‡¨ğŸ‡·,5094114,monday
San Marino,True,61.0,ğŸ‡¸ğŸ‡²,33938,monday
New Zealand,False,270467.0,ğŸ‡³ğŸ‡¿,5084300,monday
French Guiana,False,83534.0,ğŸ‡¬ğŸ‡«,254541,monday
Norfolk Island,False,36.0,ğŸ‡³ğŸ‡«,2302,monday
Lebanon,False,10452.0,ğŸ‡±ğŸ‡§,6825442,monday
Zambia,True,752612.0,ğŸ‡¿ğŸ‡²,18383956,monday
Eswatini,True,17364.0,ğŸ‡¸ğŸ‡¿,1160164,monday
Palestine,False,6220.0,ğŸ‡µğŸ‡¸,4803269,sunday
